{"cameraMode":{"drawMode":0,"name":"Shaded","section":"Shading Mode"},"sceneLighting":true,"audioPlay":false,"sceneViewState":{"showFog":true,"showMaterialUpdate":false,"showSkybox":true,"showFlares":true,"showImageEffects":true,"showParticleSystems":true},"in2DMode":false,"pivot":{"x":21.88905906677246,"y":-0.4718799591064453,"z":62.608333587646487},"rotation":{"x":-0.22335654497146607,"y":0.019286291673779489,"z":-0.004431282170116901,"w":-0.9745500683784485},"size":42.68877410888672,"orthographic":false}