{"cameraMode":{"drawMode":0,"name":"Shaded","section":"Shading Mode"},"sceneLighting":true,"audioPlay":false,"sceneViewState":{"showFog":true,"showMaterialUpdate":false,"showSkybox":true,"showFlares":true,"showImageEffects":true,"showParticleSystems":true},"in2DMode":false,"pivot":{"x":38.57194900512695,"y":9.312971115112305,"z":102.22374725341797},"rotation":{"x":-0.028273075819015504,"y":-0.19077663123607636,"z":0.005514481104910374,"w":-0.9812229871749878},"size":65.7542495727539,"orthographic":false}