{"cameraMode":{"drawMode":0,"name":"Shaded","section":"Shading Mode"},"sceneLighting":true,"audioPlay":false,"sceneViewState":{"showFog":true,"showMaterialUpdate":false,"showSkybox":true,"showFlares":true,"showImageEffects":true,"showParticleSystems":true},"in2DMode":false,"pivot":{"x":8.720616340637207,"y":12.218420028686524,"z":-14.36851692199707},"rotation":{"x":0.05918547883629799,"y":0.8460548520088196,"z":-0.0960945188999176,"w":0.5210292339324951},"size":5.533769130706787,"orthographic":false}