{"cameraMode":{"drawMode":0,"name":"Shaded","section":"Shading Mode"},"sceneLighting":true,"audioPlay":false,"sceneViewState":{"showFog":true,"showMaterialUpdate":false,"showSkybox":true,"showFlares":true,"showImageEffects":true,"showParticleSystems":true},"in2DMode":false,"pivot":{"x":-0.32555150985717776,"y":6.730531215667725,"z":-0.3854091167449951},"rotation":{"x":0.09083560109138489,"y":-0.5624369382858276,"z":0.06234842911362648,"w":0.8194717168807983},"size":79.17972564697266,"orthographic":false}