{"cameraMode":{"drawMode":0,"name":"Shaded","section":"Shading Mode"},"sceneLighting":false,"audioPlay":false,"sceneViewState":{"showFog":true,"showMaterialUpdate":false,"showSkybox":false,"showFlares":true,"showImageEffects":true,"showParticleSystems":true},"in2DMode":false,"pivot":{"x":0.427859365940094,"y":0.08524373918771744,"z":0.30617547035217287},"rotation":{"x":0.025349505245685579,"y":0.41716423630714419,"z":-0.011640162207186222,"w":0.9084063172340393},"size":0.5806621313095093,"orthographic":false}