{"cameraMode":{"drawMode":0,"name":"Shaded","section":"Shading Mode"},"sceneLighting":true,"audioPlay":false,"sceneViewState":{"showFog":true,"showMaterialUpdate":false,"showSkybox":true,"showFlares":true,"showImageEffects":true,"showParticleSystems":true},"in2DMode":false,"pivot":{"x":22.713111877441408,"y":-14.92477798461914,"z":5.023674011230469},"rotation":{"x":0.22615285217761994,"y":0.6248557567596436,"z":-0.19596253335475923,"w":0.7211197018623352},"size":14.603574752807618,"orthographic":false}