{"cameraMode":{"drawMode":0,"name":"Shaded","section":"Shading Mode"},"sceneLighting":true,"audioPlay":false,"sceneViewState":{"showFog":true,"showMaterialUpdate":false,"showSkybox":true,"showFlares":true,"showImageEffects":true,"showParticleSystems":true},"in2DMode":false,"pivot":{"x":-18.0849552154541,"y":-1.9957233667373658,"z":14.580123901367188},"rotation":{"x":-0.06610697507858277,"y":0.6898384690284729,"z":-0.06350938975811005,"w":-0.7181553244590759},"size":10.669224739074707,"orthographic":false}