{"cameraMode":{"drawMode":0,"name":"Shaded","section":"Shading Mode"},"sceneLighting":true,"audioPlay":false,"sceneViewState":{"showFog":true,"showMaterialUpdate":false,"showSkybox":true,"showFlares":true,"showImageEffects":true,"showParticleSystems":true},"in2DMode":false,"pivot":{"x":-4.915922164916992,"y":0.28567075729370119,"z":-1.052565574645996},"rotation":{"x":-0.10874780267477036,"y":0.8709433674812317,"z":-0.4239407479763031,"w":-0.22341135144233704},"size":9.598455429077149,"orthographic":true}