{"cameraMode":{"drawMode":0,"name":"Shaded","section":"Shading Mode"},"sceneLighting":false,"audioPlay":false,"sceneViewState":{"showFog":true,"showMaterialUpdate":false,"showSkybox":false,"showFlares":true,"showImageEffects":true,"showParticleSystems":true},"in2DMode":false,"pivot":{"x":0.6639705300331116,"y":-0.07678452134132385,"z":0.0398738831281662},"rotation":{"x":0.10409114509820938,"y":0.6617844104766846,"z":-0.09352819621562958,"w":0.7365220785140991},"size":0.8806621432304382,"orthographic":false}