{"cameraMode":{"drawMode":0,"name":"Shaded","section":"Shading Mode"},"sceneLighting":true,"audioPlay":false,"sceneViewState":{"showFog":true,"showMaterialUpdate":false,"showSkybox":true,"showFlares":true,"showImageEffects":true,"showParticleSystems":true},"in2DMode":false,"pivot":{"x":-13.633163452148438,"y":3.5233325958251955,"z":-13.366540908813477},"rotation":{"x":-0.02647489868104458,"y":0.835221529006958,"z":-0.04037433862686157,"w":-0.5478156208992004},"size":23.213472366333009,"orthographic":false}