{"cameraMode":{"drawMode":0,"name":"Shaded","section":"Shading Mode"},"sceneLighting":true,"audioPlay":false,"sceneViewState":{"showFog":true,"showMaterialUpdate":false,"showSkybox":true,"showFlares":true,"showImageEffects":true,"showParticleSystems":true},"in2DMode":false,"pivot":{"x":-0.6068964004516602,"y":0.42095232009887698,"z":-0.2785608768463135},"rotation":{"x":-0.1993337869644165,"y":0.6046167016029358,"z":-0.15974730253219605,"w":-0.754445493221283},"size":43.219337463378909,"orthographic":false}