{"cameraMode":{"drawMode":0,"name":"Shaded","section":"Shading Mode"},"sceneLighting":true,"audioPlay":false,"sceneViewState":{"showFog":true,"showMaterialUpdate":false,"showSkybox":true,"showFlares":true,"showImageEffects":true,"showParticleSystems":true},"in2DMode":false,"pivot":{"x":51.8377799987793,"y":7.043422698974609,"z":5.4791669845581059},"rotation":{"x":-0.06704089790582657,"y":-0.702880859375,"z":0.06683991104364395,"w":-0.7049864530563355},"size":42.14000701904297,"orthographic":false}