{"cameraMode":{"drawMode":0,"name":"Shaded","section":"Shading Mode"},"sceneLighting":true,"audioPlay":false,"sceneViewState":{"showFog":true,"showMaterialUpdate":false,"showSkybox":true,"showFlares":true,"showImageEffects":true,"showParticleSystems":true},"in2DMode":false,"pivot":{"x":-18.642547607421876,"y":12.438892364501954,"z":10.163850784301758},"rotation":{"x":-0.053772907704114917,"y":0.7610893845558167,"z":-0.06362128257751465,"w":-0.643277108669281},"size":12.06952953338623,"orthographic":false}